--Personas
INSERT INTO Persona(id,nombre) VALUES
(1,'Franklin Aturo Romero'),
(2,'Alexander Paredes Rojas'),
(3,'Manuel Ancajina Breña');

--TARJETAS
INSERT INTO TARJETA(id,nombre) VALUES
(1,	'CLASICA'),
(2,	'ORO'),
(3,'BLACK');

--Condiciones
insert into condiciones(ID,CUOTAMIN,CUOTAMAX,DIAPAGO,TEA,TARJETA_ID )
values (1,1,36,5,90,1);
insert into condiciones(ID,CUOTAMIN,CUOTAMAX,DIAPAGO,TEA,TARJETA_ID )
values (2,1,36,5,95.5,1);
insert into condiciones(ID,CUOTAMIN,CUOTAMAX,DIAPAGO,TEA,TARJETA_ID )
values (3,1,36,5,99.9,1);
insert into condiciones(ID,CUOTAMIN,CUOTAMAX,DIAPAGO,TEA,TARJETA_ID )
values (4,1,36,20,90,1);
insert into condiciones(ID,CUOTAMIN,CUOTAMAX,DIAPAGO,TEA,TARJETA_ID )
values (5,1,36,20,95.5,1);
insert into condiciones(ID,CUOTAMIN,CUOTAMAX,DIAPAGO,TEA,TARJETA_ID )
values (6,1,36,20,99.9,1);
insert into condiciones(ID,CUOTAMIN,CUOTAMAX,DIAPAGO,TEA,TARJETA_ID )
values (7,1,36,5,90,2);
insert into condiciones(ID,CUOTAMIN,CUOTAMAX,DIAPAGO,TEA,TARJETA_ID )
values (8,1,36,5,95.5,2);
insert into condiciones(ID,CUOTAMIN,CUOTAMAX,DIAPAGO,TEA,TARJETA_ID )
values (9,1,36,5,99.9,2);
insert into condiciones(ID,CUOTAMIN,CUOTAMAX,DIAPAGO,TEA,TARJETA_ID )
values (10,1,36,20,90,2);
insert into condiciones(ID,CUOTAMIN,CUOTAMAX,DIAPAGO,TEA,TARJETA_ID )
values (11,1,36,20,95.5,2);
insert into condiciones(ID,CUOTAMIN,CUOTAMAX,DIAPAGO,TEA,TARJETA_ID )
values (12,1,36,20,99.9,2);
insert into condiciones(ID,CUOTAMIN,CUOTAMAX,DIAPAGO,TEA,TARJETA_ID )
values (13,1,36,5,90,3);
insert into condiciones(ID,CUOTAMIN,CUOTAMAX,DIAPAGO,TEA,TARJETA_ID )
values (14,1,36,5,95.5,3);
insert into condiciones(ID,CUOTAMIN,CUOTAMAX,DIAPAGO,TEA,TARJETA_ID )
values (15,1,36,5,99.9,3);
insert into condiciones(ID,CUOTAMIN,CUOTAMAX,DIAPAGO,TEA,TARJETA_ID )
values (16,1,36,20,90,3);
insert into condiciones(ID,CUOTAMIN,CUOTAMAX,DIAPAGO,TEA,TARJETA_ID )
values (17,1,36,20,95.5,3);
insert into condiciones(ID,CUOTAMIN,CUOTAMAX,DIAPAGO,TEA,TARJETA_ID )
values (18,1,36,20,99.9,3);
